{
    "BabyProduct/v905/missing_values/dirty/nacl/3659": {
        "nacl_missing_test_f1": 0.6591840906986355,
        "nacl_missing_test_acc": 0.7029045643153526,
        "nacl_test_f1": 0.7531014908433191,
        "nacl_test_acc": 0.6979253112033195,
        "nacl_train_acc": 0.6990049751243781,
        "nb_test_f1": 0.6116227316933224,
        "nb_test_acc": 0.6240663900414938,
        "nb_train_acc": 0.6417910447761194,
        "lr_test_f1": 0.7531014908433191,
        "lr_test_acc": 0.6979253112033195,
        "lr_train_acc": 0.6990049751243781
    },
    "BabyProduct/v3462/missing_values/dirty/nacl/3659": {
        "nacl_missing_test_f1": 0.6412507977545553,
        "nacl_missing_test_acc": 0.6854771784232365,
        "nacl_test_f1": 0.7448790777719172,
        "nacl_test_acc": 0.6829875518672199,
        "nacl_train_acc": 0.6982942430703625,
        "nb_test_f1": 0.630965296361307,
        "nb_test_acc": 0.64149377593361,
        "nb_train_acc": 0.6339729921819474,
        "lr_test_f1": 0.7448790777719172,
        "lr_test_acc": 0.6829875518672199,
        "lr_train_acc": 0.6982942430703625
    },
    "BabyProduct/v144/missing_values/dirty/nacl/3659": {
        "nacl_missing_test_f1": 0.6471720989174847,
        "nacl_missing_test_acc": 0.6904564315352697,
        "nacl_test_f1": 0.7704770642249846,
        "nacl_test_acc": 0.6979253112033195,
        "nacl_train_acc": 0.7046908315565032,
        "nb_test_f1": 0.6186488312547614,
        "nb_test_acc": 0.6315352697095435,
        "nb_train_acc": 0.6329068941009239,
        "lr_test_f1": 0.7704770642249846,
        "lr_test_acc": 0.6979253112033195,
        "lr_train_acc": 0.7046908315565032
    },
    "BabyProduct/v5374/missing_values/dirty/nacl/3659": {
        "nacl_missing_test_f1": 0.6285764959156352,
        "nacl_missing_test_acc": 0.6755186721991702,
        "nacl_test_f1": 0.7338333229013912,
        "nacl_test_acc": 0.6605809128630705,
        "nacl_train_acc": 0.7085998578535891,
        "nb_test_f1": 0.6351368227479668,
        "nb_test_acc": 0.6431535269709544,
        "nb_train_acc": 0.6343283582089553,
        "lr_test_f1": 0.7338333229013912,
        "lr_test_acc": 0.6605809128630705,
        "lr_train_acc": 0.7085998578535891
    },
    "BabyProduct/v4225/missing_values/dirty/nacl/3659": {
        "nacl_missing_test_f1": 0.6674967987068764,
        "nacl_missing_test_acc": 0.703734439834025,
        "nacl_test_f1": 0.7817829268549605,
        "nacl_test_acc": 0.7228215767634855,
        "nacl_train_acc": 0.6872778962331201,
        "nb_test_f1": 0.6081893643124234,
        "nb_test_acc": 0.6240663900414938,
        "nb_train_acc": 0.6414356787491116,
        "lr_test_f1": 0.7817829268549605,
        "lr_test_acc": 0.7228215767634855,
        "lr_train_acc": 0.6872778962331201
    },
    "BabyProduct/v3562/missing_values/dirty/nacl/3659": {
        "nacl_missing_test_f1": 0.6640251238664096,
        "nacl_missing_test_acc": 0.7087136929460581,
        "nacl_test_f1": 0.7675613304491624,
        "nacl_test_acc": 0.703734439834025,
        "nacl_train_acc": 0.6947405828002843,
        "nb_test_f1": 0.619297861637408,
        "nb_test_acc": 0.6307053941908713,
        "nb_train_acc": 0.6400142146410803,
        "lr_test_f1": 0.7675613304491624,
        "lr_test_acc": 0.703734439834025,
        "lr_train_acc": 0.6947405828002843
    },
    "BabyProduct/v5056/missing_values/dirty/nacl/3659": {
        "nacl_missing_test_f1": 0.6384753139649271,
        "nacl_missing_test_acc": 0.6921161825726141,
        "nacl_test_f1": 0.7600755321164271,
        "nacl_test_acc": 0.6887966804979253,
        "nacl_train_acc": 0.7018479033404407,
        "nb_test_f1": 0.648819832276937,
        "nb_test_acc": 0.6580912863070539,
        "nb_train_acc": 0.6282871357498223,
        "lr_test_f1": 0.7600755321164271,
        "lr_test_acc": 0.6887966804979253,
        "lr_train_acc": 0.7018479033404407
    },
    "BabyProduct/v7813/missing_values/dirty/nacl/3659": {
        "nacl_missing_test_f1": 0.6426156446903335,
        "nacl_missing_test_acc": 0.6896265560165975,
        "nacl_test_f1": 0.754146590563139,
        "nacl_test_acc": 0.6871369294605809,
        "nacl_train_acc": 0.7000710732054015,
        "nb_test_f1": 0.6261607143663627,
        "nb_test_acc": 0.6365145228215767,
        "nb_train_acc": 0.6385927505330491,
        "lr_test_f1": 0.754146590563139,
        "lr_test_acc": 0.6871369294605809,
        "lr_train_acc": 0.7000710732054015
    },
    "BabyProduct/v2516/missing_values/dirty/nacl/3659": {
        "nacl_missing_test_f1": 0.6475341029809447,
        "nacl_missing_test_acc": 0.6921161825726141,
        "nacl_test_f1": 0.7515989604675751,
        "nacl_test_acc": 0.6887966804979253,
        "nacl_train_acc": 0.7029140014214641,
        "nb_test_f1": 0.6304525831365063,
        "nb_test_acc": 0.64149377593361,
        "nb_train_acc": 0.6346837242359631,
        "lr_test_f1": 0.7515989604675751,
        "lr_test_acc": 0.6887966804979253,
        "lr_train_acc": 0.7029140014214641
    },
    "BabyProduct/v7751/missing_values/dirty/nacl/3659": {
        "nacl_missing_test_f1": 0.6475711802805837,
        "nacl_missing_test_acc": 0.6962655601659751,
        "nacl_test_f1": 0.7617112839030897,
        "nacl_test_acc": 0.6887966804979253,
        "nacl_train_acc": 0.7078891257995735,
        "nb_test_f1": 0.6333367124747135,
        "nb_test_acc": 0.6439834024896266,
        "nb_train_acc": 0.6332622601279317,
        "lr_test_f1": 0.7617112839030897,
        "lr_test_acc": 0.6887966804979253,
        "lr_train_acc": 0.7078891257995735
    },
    "BabyProduct/v2895/missing_values/dirty/nacl/3659": {
        "nacl_missing_test_f1": 0.6531576014717393,
        "nacl_missing_test_acc": 0.7045643153526971,
        "nacl_test_f1": 0.7701471480821261,
        "nacl_test_acc": 0.6970954356846473,
        "nacl_train_acc": 0.6968727789623312,
        "nb_test_f1": 0.6174072997145774,
        "nb_test_acc": 0.629045643153527,
        "nb_train_acc": 0.6417910447761194,
        "lr_test_f1": 0.7701471480821261,
        "lr_test_acc": 0.6970954356846473,
        "lr_train_acc": 0.6968727789623312
    },
    "BabyProduct/v4764/missing_values/dirty/nacl/3659": {
        "nacl_missing_test_f1": 0.6529972767513192,
        "nacl_missing_test_acc": 0.6921161825726141,
        "nacl_test_f1": 0.7562828139554577,
        "nacl_test_acc": 0.6962655601659751,
        "nacl_train_acc": 0.6982942430703625,
        "nb_test_f1": 0.6241968305480112,
        "nb_test_acc": 0.6356846473029045,
        "nb_train_acc": 0.6329068941009239,
        "lr_test_f1": 0.7562828139554577,
        "lr_test_acc": 0.6962655601659751,
        "lr_train_acc": 0.6982942430703625
    },
    "BabyProduct/v8093/missing_values/dirty/nacl/3659": {
        "nacl_missing_test_f1": 0.6242714306066608,
        "nacl_missing_test_acc": 0.6688796680497925,
        "nacl_test_f1": 0.7457211115302401,
        "nacl_test_acc": 0.6821576763485477,
        "nacl_train_acc": 0.7096659559346127,
        "nb_test_f1": 0.6221190996053597,
        "nb_test_acc": 0.6331950207468879,
        "nb_train_acc": 0.6371712864250177,
        "lr_test_f1": 0.7457211115302401,
        "lr_test_acc": 0.6821576763485477,
        "lr_train_acc": 0.7096659559346127
    },
    "BabyProduct/v5192/missing_values/dirty/nacl/3659": {
        "nacl_missing_test_f1": 0.6684562180310586,
        "nacl_missing_test_acc": 0.7095435684647303,
        "nacl_test_f1": 0.7614333818513611,
        "nacl_test_acc": 0.7095435684647303,
        "nacl_train_acc": 0.6979388770433547,
        "nb_test_f1": 0.6020300813826509,
        "nb_test_acc": 0.6141078838174274,
        "nb_train_acc": 0.6467661691542289,
        "lr_test_f1": 0.7614333818513611,
        "lr_test_acc": 0.7095435684647303,
        "lr_train_acc": 0.6979388770433547
    },
    "BabyProduct/v5396/missing_values/dirty/nacl/3659": {
        "nacl_missing_test_f1": 0.6608729942864591,