{
    "Airbnb/v8093/missing_values/dirty/MLP/3659": {
        "missingkept_test_f1": 0.5823012853675699,
        "missingkept_test_acc": 0.69
    },
    "Airbnb/v235/missing_values/dirty/MLP/3659": {
        "missingkept_test_f1": 0.5686959522115116,
        "missingkept_test_acc": 0.68
    },
    "Airbnb/v5396/missing_values/dirty/MLP/3659": {
        "missingkept_test_f1": 0.5738649633910299,
        "missingkept_test_acc": 0.7026666666666667
    },
    "Airbnb/v5192/missing_values/dirty/MLP/3659": {
        "missingkept_test_f1": 0.5761870457827237,
        "missingkept_test_acc": 0.7068888888888889
    },
    "Airbnb/v2962/missing_values/dirty/MLP/3659": {
        "missingkept_test_f1": 0.5622457896273556,
        "missingkept_test_acc": 0.69
    },
    "Airbnb/v7751/missing_values/dirty/MLP/3659": {
        "missingkept_test_f1": 0.5642577376122411,
        "missingkept_test_acc": 0.6911111111111111
    },
    "Airbnb/v4764/missing_values/dirty/MLP/3659": {
        "missingkept_test_f1": 0.5829882473709658,
        "missingkept_test_acc": 0.6955555555555556
    },
    "Airbnb/v2895/missing_values/dirty/MLP/3659": {
        "missingkept_test_f1": 0.5670810187471025,
        "missingkept_test_acc": 0.6806666666666666
    },
    "Airbnb/v8444/missing_values/dirty/MLP/3659": {
        "missingkept_test_f1": 0.5757608784501784,
        "missingkept_test_acc": 0.6924444444444444
    },
    "Airbnb/v6542/missing_values/dirty/MLP/3659": {
        "missingkept_test_f1": 0.5539042240140662,
        "missingkept_test_acc": 0.6811111111111111
    },
    "Airbnb/v9394/missing_values/dirty/MLP/3659": {
        "missingkept_test_f1": 0.5677211694366298,
        "missingkept_test_acc": 0.6773333333333333
    },
    "Airbnb/v4225/missing_values/dirty/MLP/3659": {
        "missingkept_test_f1": 0.5817737053775032,
        "missingkept_test_acc": 0.6886666666666666
    },
    "Airbnb/v5374/missing_values/dirty/MLP/3659": {
        "missingkept_test_f1": 0.5510299770428135,
        "missingkept_test_acc": 0.6842222222222222
    },
    "Airbnb/v3562/missing_values/dirty/MLP/3659": {
        "missingkept_test_f1": 0.5568415594423397,
        "missingkept_test_acc": 0.6851111111111111
    },
    "Airbnb/v5056/missing_values/dirty/MLP/3659": {
        "missingkept_test_f1": 0.6073791275833142,
        "missingkept_test_acc": 0.7071111111111111
    },
    "Airbnb/v3462/missing_values/dirty/MLP/3659": {
        "missingkept_test_f1": 0.5482287842423264,
        "missingkept_test_acc": 0.698
    },
    "Airbnb/v7813/missing_values/dirty/MLP/3659": {
        "missingkept_test_f1": 0.570287891889139,
        "missingkept_test_acc": 0.6933333333333334
    },
    "Airbnb/v144/missing_values/dirty/MLP/3659": {
        "missingkept_test_f1": 0.5755127775218345,
        "missingkept_test_acc": 0.69
    },
    "Airbnb/v2516/missing_values/dirty/MLP/3659": {
        "missingkept_test_f1": 0.5765239960325004,
        "missingkept_test_acc": 0.6888888888888889
    },
    "Airbnb/v905/missing_values/dirty/MLP/3659": {
        "missingkept_test_f1": 0.583074565399883,
        "missingkept_test_acc": 0.6991111111111111
    }
}