{
    "Marketing/v3462/missing_values/dirty/MLP/3659": {
        "missingkept_test_f1": 0.7431941858875251,
        "missingkept_test_acc": 0.7482387838338895
    },
    "Marketing/v3562/missing_values/dirty/MLP/3659": {
        "missingkept_test_f1": 0.7416530636709826,
        "missingkept_test_acc": 0.746384872080089
    },
    "Marketing/v5056/missing_values/dirty/MLP/3659": {
        "missingkept_test_f1": 0.7216837489680525,
        "missingkept_test_acc": 0.724879495736003
    },
    "Marketing/v5374/missing_values/dirty/MLP/3659": {
        "missingkept_test_f1": 0.731524286801237,
        "missingkept_test_acc": 0.7348906192065258
    },
    "Marketing/v4225/missing_values/dirty/MLP/3659": {
        "missingkept_test_f1": 0.7365407609922845,
        "missingkept_test_acc": 0.739340007415647
    },
    "Marketing/v144/missing_values/dirty/MLP/3659": {
        "missingkept_test_f1": 0.730752817949868,
        "missingkept_test_acc": 0.7352614015572859
    },
    "Marketing/v7813/missing_values/dirty/MLP/3659": {
        "missingkept_test_f1": 0.7284547090311191,
        "missingkept_test_acc": 0.7352614015572859
    },
    "Marketing/v2516/missing_values/dirty/MLP/3659": {
        "missingkept_test_f1": 0.7301053717610446,
        "missingkept_test_acc": 0.7367445309603263
    },
    "Marketing/v905/missing_values/dirty/MLP/3659": {
        "missingkept_test_f1": 0.7238161012609996,
        "missingkept_test_acc": 0.7289581015943641
    },
    "Marketing/v2895/missing_values/dirty/MLP/3659": {
        "missingkept_test_f1": 0.7252294851786876,
        "missingkept_test_acc": 0.7296996662958843
    },
    "Marketing/v4764/missing_values/dirty/MLP/3659": {
        "missingkept_test_f1": 0.7249580110014298,
        "missingkept_test_acc": 0.7274749721913237
    },
    "Marketing/v7751/missing_values/dirty/MLP/3659": {
        "missingkept_test_f1": 0.7432560599382989,
        "missingkept_test_acc": 0.7497219132369299
    },
    "Marketing/v235/missing_values/dirty/MLP/3659": {
        "missingkept_test_f1": 0.7278710319362351,
        "missingkept_test_acc": 0.7326659251019652
    },
    "Marketing/v2962/missing_values/dirty/MLP/3659": {
        "missingkept_test_f1": 0.7177375696112925,
        "missingkept_test_acc": 0.7252502780867631
    },
    "Marketing/v8093/missing_values/dirty/MLP/3659": {
        "missingkept_test_f1": 0.7426937349159668,
        "missingkept_test_acc": 0.7452725250278087
    },
    "Marketing/v5192/missing_values/dirty/MLP/3659": {
        "missingkept_test_f1": 0.7209186873238091,
        "missingkept_test_acc": 0.7252502780867631
    },
    "Marketing/v5396/missing_values/dirty/MLP/3659": {
        "missingkept_test_f1": 0.7216655823031881,
        "missingkept_test_acc": 0.7271041898405636
    },
    "Marketing/v9394/missing_values/dirty/MLP/3659": {
        "missingkept_test_f1": 0.7492827441021882,
        "missingkept_test_acc": 0.7519466073414905
    },
    "Marketing/v6542/missing_values/dirty/MLP/3659": {
        "missingkept_test_f1": 0.7458685751463892,
        "missingkept_test_acc": 0.7508342602892102
    },
    "Marketing/v8444/missing_values/dirty/MLP/3659": {
        "missingkept_test_f1": 0.733067028692937,
        "missingkept_test_acc": 0.7382276603633667
    }
}