{
    "USCensus/v9394/missing_values/dirty/MLP/3659": {
        "missingkept_test_f1": 0.771207824159776,
        "missingkept_test_acc": 0.8366666666666667
    },
    "USCensus/v8444/missing_values/dirty/MLP/3659": {
        "missingkept_test_f1": 0.7664238956865015,
        "missingkept_test_acc": 0.836
    },
    "USCensus/v6542/missing_values/dirty/MLP/3659": {
        "missingkept_test_f1": 0.7559092743012169,
        "missingkept_test_acc": 0.8275555555555556
    },
    "USCensus/v235/missing_values/dirty/MLP/3659": {
        "missingkept_test_f1": 0.7663036751430501,
        "missingkept_test_acc": 0.8371111111111111
    },
    "USCensus/v7751/missing_values/dirty/MLP/3659": {
        "missingkept_test_f1": 0.7788752436826425,
        "missingkept_test_acc": 0.848
    },
    "USCensus/v4764/missing_values/dirty/MLP/3659": {
        "missingkept_test_f1": 0.7622482042771195,
        "missingkept_test_acc": 0.8306666666666667
    },
    "USCensus/v2895/missing_values/dirty/MLP/3659": {
        "missingkept_test_f1": 0.7681122285567868,
        "missingkept_test_acc": 0.8391111111111111
    },
    "USCensus/v5396/missing_values/dirty/MLP/3659": {
        "missingkept_test_f1": 0.7774244430387041,
        "missingkept_test_acc": 0.8437777777777777
    },
    "USCensus/v5192/missing_values/dirty/MLP/3659": {
        "missingkept_test_f1": 0.767448984188477,
        "missingkept_test_acc": 0.8406666666666667
    },
    "USCensus/v8093/missing_values/dirty/MLP/3659": {
        "missingkept_test_f1": 0.7870252813765302,
        "missingkept_test_acc": 0.8493333333333334
    },
    "USCensus/v2962/missing_values/dirty/MLP/3659": {
        "missingkept_test_f1": 0.7712950441389828,
        "missingkept_test_acc": 0.8422222222222222
    },
    "USCensus/v144/missing_values/dirty/MLP/3659": {
        "missingkept_test_f1": 0.7715950790372782,
        "missingkept_test_acc": 0.8451111111111111
    },
    "USCensus/v905/missing_values/dirty/MLP/3659": {
        "missingkept_test_f1": 0.7657401482814201,
        "missingkept_test_acc": 0.8344444444444444
    },
    "USCensus/v2516/missing_values/dirty/MLP/3659": {
        "missingkept_test_f1": 0.7673560573872009,
        "missingkept_test_acc": 0.8373333333333334
    },
    "USCensus/v7813/missing_values/dirty/MLP/3659": {
        "missingkept_test_f1": 0.7673792644906676,
        "missingkept_test_acc": 0.8388888888888889
    },
    "USCensus/v3462/missing_values/dirty/MLP/3659": {
        "missingkept_test_f1": 0.7544836462326181,
        "missingkept_test_acc": 0.8266666666666667
    },
    "USCensus/v4225/missing_values/dirty/MLP/3659": {
        "missingkept_test_f1": 0.7692269575515367,
        "missingkept_test_acc": 0.842
    },
    "USCensus/v5374/missing_values/dirty/MLP/3659": {
        "missingkept_test_f1": 0.7660497794080482,
        "missingkept_test_acc": 0.84
    },
    "USCensus/v5056/missing_values/dirty/MLP/3659": {
        "missingkept_test_f1": 0.7605290315475737,
        "missingkept_test_acc": 0.8335555555555556
    },
    "USCensus/v3562/missing_values/dirty/MLP/3659": {
        "missingkept_test_f1": 0.7662522662522664,
        "missingkept_test_acc": 0.8395555555555556
    }
}