{
    "Citation/v9394/duplicates/dirty/MLP/3659": {
        "dirty_test_f1": 0.5696598148815963,
        "dirty_test_acc": 0.642,
        "clean_test_f1": 0.5601335250629474,
        "clean_test_acc": 0.6448126801152738,
        "AutoER_test_f1": 0.5884011792927906,
        "AutoER_test_acc": 0.631578947368421
    },
    "Citation/v6542/duplicates/dirty/MLP/3659": {
        "dirty_test_f1": 0.6711580070117167,
        "dirty_test_acc": 0.6733333333333333,
        "clean_test_f1": 0.6599789429266436,
        "clean_test_acc": 0.6640457469621158,
        "AutoER_test_f1": 0.7017360256094558,
        "AutoER_test_acc": 0.7019607843137254
    },
    "Citation/v235/duplicates/dirty/MLP/3659": {
        "dirty_test_f1": 0.5654217649798772,
        "dirty_test_acc": 0.638,
        "clean_test_f1": 0.5604705644282557,
        "clean_test_acc": 0.6456977584960232,
        "AutoER_test_f1": 0.5710896960711638,
        "AutoER_test_acc": 0.623574144486692
    },
    "Citation/v8444/duplicates/dirty/MLP/3659": {
        "dirty_test_f1": 0.5739814853792257,
        "dirty_test_acc": 0.6446666666666667,
        "clean_test_f1": 0.5720713823906989,
        "clean_test_acc": 0.6507823613086771,
        "AutoER_test_f1": 0.5658810516463881,
        "AutoER_test_acc": 0.6311787072243346
    },
    "Citation/v4764/duplicates/dirty/MLP/3659": {
        "dirty_test_f1": 0.5682539682539682,
        "dirty_test_acc": 0.6373333333333333,
        "clean_test_f1": 0.5528746786678527,
        "clean_test_acc": 0.6365622723962127,
        "AutoER_test_f1": 0.5733199454923618,
        "AutoER_test_acc": 0.6151079136690647
    },
    "Citation/v2895/duplicates/dirty/MLP/3659": {
        "dirty_test_f1": 0.6638358818480807,
        "dirty_test_acc": 0.6673333333333333,
        "clean_test_f1": 0.6539828726666355,
        "clean_test_acc": 0.6596669080376538,
        "AutoER_test_f1": 0.7153446997776131,
        "AutoER_test_acc": 0.71875
    },
    "Citation/v7751/duplicates/dirty/MLP/3659": {
        "dirty_test_f1": 0.5787106250163926,
        "dirty_test_acc": 0.6573333333333333,
        "clean_test_f1": 0.5641937258050319,
        "clean_test_acc": 0.6518361581920904,
        "AutoER_test_f1": 0.612381329113924,
        "AutoER_test_acc": 0.6569037656903766
    },
    "Citation/v2962/duplicates/dirty/MLP/3659": {
        "dirty_test_f1": 0.5793745994529964,
        "dirty_test_acc": 0.6566666666666666,
        "clean_test_f1": 0.5597130635077328,
        "clean_test_acc": 0.6527377521613833,
        "AutoER_test_f1": 0.6149922377467288,
        "AutoER_test_acc": 0.6612903225806451
    },
    "Citation/v8093/duplicates/dirty/MLP/3659": {
        "dirty_test_f1": 0.6701735394607761,
        "dirty_test_acc": 0.6706666666666666,
        "clean_test_f1": 0.6573584261973161,
        "clean_test_acc": 0.6589928057553956,
        "AutoER_test_f1": 0.686201719216618,
        "AutoER_test_acc": 0.6882591093117408
    },
    "Citation/v5396/duplicates/dirty/MLP/3659": {
        "dirty_test_f1": 0.598117127217569,
        "dirty_test_acc": 0.6533333333333333,
        "clean_test_f1": 0.5888684339715267,
        "clean_test_acc": 0.6532374100719425,
        "AutoER_test_f1": 0.6203050581780911,
        "AutoER_test_acc": 0.6492537313432836
    },
    "Citation/v5192/duplicates/dirty/MLP/3659": {
        "dirty_test_f1": 0.5674877000135343,
        "dirty_test_acc": 0.6406666666666667,
        "clean_test_f1": 0.560006168220519,
        "clean_test_acc": 0.6437768240343348,
        "AutoER_test_f1": 0.5444288272329939,
        "AutoER_test_acc": 0.5857740585774058
    },
    "Citation/v7813/duplicates/dirty/MLP/3659": {
        "dirty_test_f1": 0.6737346330352059,
        "dirty_test_acc": 0.6753333333333333,
        "clean_test_f1": 0.662007969575432,
        "clean_test_acc": 0.6649928263988523,
        "AutoER_test_f1": 0.7215000999861556,
        "AutoER_test_acc": 0.7215686274509804
    },
    "Citation/v2516/duplicates/dirty/MLP/3659": {
        "dirty_test_f1": 0.587143536160224,
        "dirty_test_acc": 0.6606666666666666,
        "clean_test_f1": 0.5805834278605028,
        "clean_test_acc": 0.6623655913978495,
        "AutoER_test_f1": 0.5837599615620392,
        "AutoER_test_acc": 0.6254826254826255
    },
    "Citation/v3462/duplicates/dirty/MLP/3659": {
        "dirty_test_f1": 0.6564973241542529,
        "dirty_test_acc": 0.6573333333333333,
        "clean_test_f1": 0.6440612113720117,
        "clean_test_acc": 0.6463326071169209,
        "AutoER_test_f1": 0.6666666666666666,
        "AutoER_test_acc": 0.6666666666666666
    },
    "Citation/v3562/duplicates/dirty/MLP/3659": {
        "dirty_test_f1": 0.6155442672934477,
        "dirty_test_acc": 0.6793333333333333,
        "clean_test_f1": 0.5986334056955098,
        "clean_test_acc": 0.6767241379310345,
        "AutoER_test_f1": 0.6692323432654923,
        "AutoER_test_acc": 0.7030075187969925
    },
    "Citation/v5056/duplicates/dirty/MLP/3659": {
        "dirty_test_f1": 0.6097589177313986,
        "dirty_test_acc": 0.676,
        "clean_test_f1": 0.6021122011426245,
        "clean_test_acc": 0.6790830945558739,
        "AutoER_test_f1": 0.6127379624553377,
        "AutoER_test_acc": 0.6473029045643154
    },
    "Citation/v144/duplicates/dirty/MLP/3659": {
        "dirty_test_f1": 0.5891284585586283,
        "dirty_test_acc": 0.6486666666666666,
        "clean_test_f1": 0.5783526713437669,
        "clean_test_acc": 0.6501079913606912,
        "AutoER_test_f1": 0.6043313411734463,
        "AutoER_test_acc": 0.6412213740458015
    },
    "Citation/v4225/duplicates/dirty/MLP/3659": {
        "dirty_test_f1": 0.6933285509325682,
        "dirty_test_acc": 0.696,
        "clean_test_f1": 0.6850204381227494,
        "clean_test_acc": 0.6899563318777293,
        "AutoER_test_f1": 0.665272708840227,
        "AutoER_test_acc": 0.6654804270462633
    },
    "Citation/v905/duplicates/dirty/MLP/3659": {
        "dirty_test_f1": 0.6688072897329363,
        "dirty_test_acc": 0.6713333333333333,
        "clean_test_f1": 0.6592814703759231,
        "clean_test_acc": 0.6638176638176638,
        "AutoER_test_f1": 0.6723186954252424,
        "AutoER_test_acc": 0.6741573033707865
    },
    "Citation/v5374/duplicates/dirty/MLP/3659": {
        "dirty_test_f1": 0.56691220089619,
        "dirty_test_acc": 0.646,
        "clean_test_f1": 0.5643696581196582,
        "clean_test_acc": 0.6494992846924177,
        "AutoER_test_f1": 0.5415624763203758,
        "AutoER_test_acc": 0.5867768595041323
    }
}