{
    "University/v2895/inconsistency/dirty/MLP/3659": {
        "dirty_test_f1": 0.7934426229508197,
        "dirty_test_acc": 0.7936507936507936,
        "clean_test_f1": 0.7777217741935484,
        "clean_test_acc": 0.7777777777777778
    },
    "University/v4764/inconsistency/dirty/MLP/3659": {
        "dirty_test_f1": 0.8714285714285714,
        "dirty_test_acc": 0.873015873015873,
        "clean_test_f1": 0.8714285714285714,
        "clean_test_acc": 0.873015873015873
    },
    "University/v7751/inconsistency/dirty/MLP/3659": {
        "dirty_test_f1": 0.7580025608194622,
        "dirty_test_acc": 0.7619047619047619,
        "clean_test_f1": 0.7858823529411765,
        "clean_test_acc": 0.7936507936507936
    },
    "University/v2962/inconsistency/dirty/MLP/3659": {
        "dirty_test_f1": 0.7936507936507936,
        "dirty_test_acc": 0.7936507936507936,
        "clean_test_f1": 0.7936507936507936,
        "clean_test_acc": 0.7936507936507936
    },
    "University/v5192/inconsistency/dirty/MLP/3659": {
        "dirty_test_f1": 0.8362785862785862,
        "dirty_test_acc": 0.8412698412698413,
        "clean_test_f1": 0.8362785862785862,
        "clean_test_acc": 0.8412698412698413
    },
    "University/v5396/inconsistency/dirty/MLP/3659": {
        "dirty_test_f1": 0.8558352402745996,
        "dirty_test_acc": 0.8571428571428571,
        "clean_test_f1": 0.887067861715749,
        "clean_test_acc": 0.8888888888888888
    },
    "University/v8093/inconsistency/dirty/MLP/3659": {
        "dirty_test_f1": 0.7298865069356872,
        "dirty_test_acc": 0.7301587301587301,
        "clean_test_f1": 0.7777217741935484,
        "clean_test_acc": 0.7777777777777778
    },
    "University/v9394/inconsistency/dirty/MLP/3659": {
        "dirty_test_f1": 0.7917620137299771,
        "dirty_test_acc": 0.7936507936507936,
        "clean_test_f1": 0.8083164300202841,
        "clean_test_acc": 0.8095238095238095
    },
    "University/v6542/inconsistency/dirty/MLP/3659": {
        "dirty_test_f1": 0.6824596774193548,
        "dirty_test_acc": 0.6825396825396826,
        "clean_test_f1": 0.6824596774193548,
        "clean_test_acc": 0.6825396825396826
    },
    "University/v235/inconsistency/dirty/MLP/3659": {
        "dirty_test_f1": 0.8565646344548443,
        "dirty_test_acc": 0.8571428571428571,
        "clean_test_f1": 0.8722109533468559,
        "clean_test_acc": 0.873015873015873
    },
    "University/v8444/inconsistency/dirty/MLP/3659": {
        "dirty_test_f1": 0.6934699103713189,
        "dirty_test_acc": 0.6984126984126984,
        "clean_test_f1": 0.7276887871853548,
        "clean_test_acc": 0.7301587301587301
    },
    "University/v3462/inconsistency/dirty/MLP/3659": {
        "dirty_test_f1": 0.6984126984126985,
        "dirty_test_acc": 0.6984126984126984,
        "clean_test_f1": 0.6984126984126985,
        "clean_test_acc": 0.6984126984126984
    },
    "University/v5056/inconsistency/dirty/MLP/3659": {
        "dirty_test_f1": 0.7580025608194623,
        "dirty_test_acc": 0.7619047619047619,
        "clean_test_f1": 0.7407407407407407,
        "clean_test_acc": 0.746031746031746
    },
    "University/v905/inconsistency/dirty/MLP/3659": {
        "dirty_test_f1": 0.8090909090909091,
        "dirty_test_acc": 0.8095238095238095,
        "clean_test_f1": 0.8571428571428572,
        "clean_test_acc": 0.8571428571428571
    },
    "University/v3562/inconsistency/dirty/MLP/3659": {
        "dirty_test_f1": 0.745967741935484,
        "dirty_test_acc": 0.746031746031746,
        "clean_test_f1": 0.745967741935484,
        "clean_test_acc": 0.746031746031746
    },
    "University/v144/inconsistency/dirty/MLP/3659": {
        "dirty_test_f1": 0.7053014553014552,
        "dirty_test_acc": 0.7142857142857143,
        "clean_test_f1": 0.7557508400103385,
        "clean_test_acc": 0.7619047619047619
    },
    "University/v5374/inconsistency/dirty/MLP/3659": {
        "dirty_test_f1": 0.8565646344548443,
        "dirty_test_acc": 0.8571428571428571,
        "clean_test_f1": 0.840909090909091,
        "clean_test_acc": 0.8412698412698413
    },
    "University/v4225/inconsistency/dirty/MLP/3659": {
        "dirty_test_f1": 0.820883949340915,
        "dirty_test_acc": 0.8253968253968254,
        "clean_test_f1": 0.820883949340915,
        "clean_test_acc": 0.8253968253968254
    },
    "University/v2516/inconsistency/dirty/MLP/3659": {
        "dirty_test_f1": 0.8035343035343036,
        "dirty_test_acc": 0.8095238095238095,
        "clean_test_f1": 0.820883949340915,
        "clean_test_acc": 0.8253968253968254
    },
    "University/v7813/inconsistency/dirty/MLP/3659": {
        "dirty_test_f1": 0.8565646344548444,
        "dirty_test_acc": 0.8571428571428571,
        "clean_test_f1": 0.8565646344548444,
        "clean_test_acc": 0.8571428571428571
    }
}