{
    "Credit_uniform/v7813/mislabel/dirty/logistic_regression/3239": {
        "best_params": {
            "C": 1
        },
        "dirty_test_f1": 0.5146519675611874,
        "dirty_test_acc": 0.6411111111111111,
        "clean_test_f1": 0.5133115399241533,
        "clean_test_acc": 0.6624444444444444
    },
    "Credit_uniform/v7813/mislabel/dirty/logistic_regression/6130": {
        "best_params": {
            "C": 1
        },
        "dirty_test_f1": 0.5155023010904266,
        "dirty_test_acc": 0.6393333333333333,
        "clean_test_f1": 0.505095496369017,
        "clean_test_acc": 0.6515555555555556
    },
    "Credit_uniform/v7813/mislabel/dirty/logistic_regression/8006": {
        "best_params": {
            "C": 1
        },
        "dirty_test_f1": 0.4980023695340201,
        "dirty_test_acc": 0.6135555555555555,
        "clean_test_f1": 0.4896269568621735,
        "clean_test_acc": 0.6282222222222222
    },
    "Credit_uniform/v7813/mislabel/dirty/logistic_regression/3659": {
        "best_params": {
            "C": 1
        },
        "dirty_test_f1": 0.45844695673145297,
        "dirty_test_acc": 0.5548888888888889,
        "clean_test_f1": 0.44947394176657696,
        "clean_test_acc": 0.568
    },
    "Credit_uniform/v7813/mislabel/dirty/logistic_regression/5824": {
        "best_params": {
            "C": 1
        },
        "dirty_test_f1": 0.5731034188596476,
        "dirty_test_acc": 0.7375555555555555,
        "clean_test_f1": 0.5682066198731437,
        "clean_test_acc": 0.7508888888888889
    },
    "Credit_uniform/v2516/mislabel/dirty/logistic_regression/8006": {
        "best_params": {
            "C": 1
        },
        "dirty_test_f1": 0.542615307343895,
        "dirty_test_acc": 0.6882222222222222,
        "clean_test_f1": 0.5364190950542411,
        "clean_test_acc": 0.7035555555555556
    },
    "Credit_uniform/v2516/mislabel/dirty/logistic_regression/6130": {
        "best_params": {
            "C": 1
        },
        "dirty_test_f1": 0.5721616098448893,
        "dirty_test_acc": 0.7275555555555555,
        "clean_test_f1": 0.5761954948629341,
        "clean_test_acc": 0.7482222222222222
    },
    "Credit_uniform/v2516/mislabel/dirty/logistic_regression/5824": {
        "best_params": {
            "C": 1
        },
        "dirty_test_f1": 0.5846937180138283,
        "dirty_test_acc": 0.7675555555555555,
        "clean_test_f1": 0.5976858017447824,
        "clean_test_acc": 0.7944444444444444
    },
    "Credit_uniform/v2516/mislabel/dirty/logistic_regression/3659": {
        "best_params": {
            "C": 1
        },
        "dirty_test_f1": 0.5374731013484942,
        "dirty_test_acc": 0.68,
        "clean_test_f1": 0.5314416317589858,
        "clean_test_acc": 0.6957777777777778
    },
    "Credit_uniform/v2516/mislabel/dirty/logistic_regression/3239": {
        "best_params": {
            "C": 1
        },
        "dirty_test_f1": 0.5874048914870909,
        "dirty_test_acc": 0.7682222222222223,
        "clean_test_f1": 0.6014965624404705,
        "clean_test_acc": 0.8
    },
    "Credit_uniform/v235/mislabel/dirty/logistic_regression/3239": {
        "best_params": {
            "C": 1
        },
        "dirty_test_f1": 0.6141356460242605,
        "dirty_test_acc": 0.8075555555555556,
        "clean_test_f1": 0.6361143194341297,
        "clean_test_acc": 0.8431111111111111
    },
    "Credit_uniform/v235/mislabel/dirty/logistic_regression/3659": {
        "best_params": {
            "C": 1
        },
        "dirty_test_f1": 0.51831346743942,
        "dirty_test_acc": 0.6588888888888889,
        "clean_test_f1": 0.5142852805440855,
        "clean_test_acc": 0.684
    },
    "Credit_uniform/v235/mislabel/dirty/logistic_regression/5824": {
        "best_params": {
            "C": 1
        },
        "dirty_test_f1": 0.6047127913848572,
        "dirty_test_acc": 0.7926666666666666,
        "clean_test_f1": 0.6240384615384614,
        "clean_test_acc": 0.8262222222222222
    },
    "Credit_uniform/v235/mislabel/dirty/logistic_regression/6130": {
        "best_params": {
            "C": 1
        },
        "dirty_test_f1": 0.4711182975731745,
        "dirty_test_acc": 0.5842222222222222,
        "clean_test_f1": 0.4582043755534364,
        "clean_test_acc": 0.5977777777777777
    },
    "Credit_uniform/v235/mislabel/dirty/logistic_regression/8006": {
        "best_params": {
            "C": 1
        },
        "dirty_test_f1": 0.5056187404515362,
        "dirty_test_acc": 0.6404444444444445,
        "clean_test_f1": 0.49878901168232215,
        "clean_test_acc": 0.6582222222222223
    },
    "Credit_uniform/v5374/mislabel/dirty/logistic_regression/8006": {
        "best_params": {
            "C": 1
        },
        "dirty_test_f1": 0.599403828929691,
        "dirty_test_acc": 0.7964444444444444,
        "clean_test_f1": 0.6046056845179344,
        "clean_test_acc": 0.8171111111111111
    },
    "Credit_uniform/v5374/mislabel/dirty/logistic_regression/6130": {
        "best_params": {
            "C": 1
        },
        "dirty_test_f1": 0.47532605146029494,
        "dirty_test_acc": 0.5915555555555555,
        "clean_test_f1": 0.4514513306378613,
        "clean_test_acc": 0.596
    },
    "Credit_uniform/v5374/mislabel/dirty/logistic_regression/5824": {
        "best_params": {
            "C": 1
        },
        "dirty_test_f1": 0.4940899139652788,
        "dirty_test_acc": 0.6253333333333333,
        "clean_test_f1": 0.4845507065769434,
        "clean_test_acc": 0.6402222222222222
    },
    "Credit_uniform/v5374/mislabel/dirty/logistic_regression/3659": {
        "best_params": {
            "C": 1
        },
        "dirty_test_f1": 0.599387668302192,
        "dirty_test_acc": 0.8022222222222222,
        "clean_test_f1": 0.6116496752877437,
        "clean_test_acc": 0.8253333333333334
    },
    "Credit_uniform/v5374/mislabel/dirty/logistic_regression/3239": {
        "best_params": {
            "C": 1
        },
        "dirty_test_f1": 0.5178814815582655,
        "dirty_test_acc": 0.6646666666666666,
        "clean_test_f1": 0.4999813554918301,
        "clean_test_acc": 0.6715555555555556
    },
    "Credit_uniform/v4225/mislabel/dirty/logistic_regression/3239": {
        "best_params": {
            "C": 1
        },
        "dirty_test_f1": 0.6030977816589753,
        "dirty_test_acc": 0.7913333333333333,
        "clean_test_f1": 0.6212194089579806,
        "clean_test_acc": 0.8288888888888889
    },
    "Credit_uniform/v4225/mislabel/dirty/logistic_regression/3659": {
        "best_params": {
            "C": 1
        },
        "dirty_test_f1": 0.5316076180197615,
        "dirty_test_acc": 0.6817777777777778,
        "clean_test_f1": 0.5197395197395197,
        "clean_test_acc": 0.6984444444444444
    },
    "Credit_uniform/v4225/mislabel/dirty/logistic_regression/5824": {
        "best_params": {
            "C": 1
        },
        "dirty_test_f1": 0.6091857664597212,
        "dirty_test_acc": 0.7977777777777778,
        "clean_test_f1": 0.6237351409765203,
        "clean_test_acc": 0.8297777777777777
    },
    "Credit_uniform/v4225/mislabel/dirty/logistic_regression/8006": {
        "best_params": {
            "C": 1
        },
        "dirty_test_f1": 0.6008526993690306,
        "dirty_test_acc": 0.7871111111111111,
        "clean_test_f1": 0.6166458734873445,
        "clean_test_acc": 0.8235555555555556
    },
    "Credit_uniform/v4225/mislabel/dirty/logistic_regression/6130": {
        "best_params": {
            "C": 1
        },
        "dirty_test_f1": 0.5071109462066279,
        "dirty_test_acc": 0.6375555555555555,
        "clean_test_f1": 0.4941638474006549,
        "clean_test_acc": 0.6486666666666666
    },
    "Credit_uniform/v3562/mislabel/dirty/logistic_regression/8006": {
        "best_params": {
            "C": 1
        },
        "dirty_test_f1": 0.5994390452930276,
        "dirty_test_acc": 0.7897777777777778,